http://www.asapsports.com/show_player.php?id=12573,M,Aaron Krickstein 
http://www.asapsports.com/show_player.php?id=22543,F,Abigail Spears 
http://www.asapsports.com/show_player.php?id=26007,M,Adrian Mannarino 
http://www.asapsports.com/show_player.php?id=11914,M,Adrian Voinea 
http://www.asapsports.com/show_player.php?id=17498,F,Ágnes Szávay
http://www.asapsports.com/show_player.php?id=17177,F,Agnieszka Radwańska
http://www.asapsports.com/show_player.php?id=10733,M,Agustín Calleri
http://www.asapsports.com/show_player.php?id=11991,F,Ai Sugiyama 
http://www.asapsports.com/show_player.php?id=15244,M,Albert Costa 
http://www.asapsports.com/show_player.php?id=29691,M,Albert Ramos Viñolas
http://www.asapsports.com/show_player.php?id=10504,M,Alberto Berasategui 
http://www.asapsports.com/show_player.php?id=16120,M,Alberto Mancini 
http://www.asapsports.com/show_player.php?id=12626,F,Aleksandra Wozniak 
http://www.asapsports.com/show_player.php?id=10358,M,Àlex Corretja
http://www.asapsports.com/show_player.php?id=32482,M,Alex De Minaur 
http://www.asapsports.com/show_player.php?id=10026,M,Alex O'Brien 
http://www.asapsports.com/show_player.php?id=12325,M,Alexander Popp 
http://www.asapsports.com/show_player.php?id=11917,M,Alexander Volkov 
http://www.asapsports.com/show_player.php?id=26366,M,Alexander Zverev 
http://www.asapsports.com/show_player.php?id=21672,M,Alexandr Dolgopolov 
http://www.asapsports.com/show_player.php?id=12049,F,Alexandra Stevenson 
http://www.asapsports.com/show_player.php?id=11586,F,Alicia Molik 
http://www.asapsports.com/show_player.php?id=19188,F,Alisa Kleybanova 
http://www.asapsports.com/show_player.php?id=18544,F,Alizé Cornet
http://www.asapsports.com/show_player.php?id=17960,F,Alona Bondarenko 
http://www.asapsports.com/show_player.php?id=12648,F,Amanda Coetzer 
http://www.asapsports.com/show_player.php?id=10697,F,Amélie Mauresmo
http://www.asapsports.com/show_player.php?id=12638,F,Amy Frazier 
http://www.asapsports.com/show_player.php?id=12402,F,Ana Ivanovic 
http://www.asapsports.com/show_player.php?id=24673,F,Ana Konjuh 
http://www.asapsports.com/show_player.php?id=11448,F,Anabel Medina Garrigues 
http://www.asapsports.com/show_player.php?id=12557,F,Anastasia Myskina 
http://www.asapsports.com/show_player.php?id=12291,F,Anastasia Pavlyuchenkova 
http://www.asapsports.com/show_player.php?id=31785,F,Anastasija Sevastova 
http://www.asapsports.com/show_player.php?id=10009,M,Andre Agassi 
http://www.asapsports.com/show_player.php?id=12417,M,Andrea Gaudenzi 
http://www.asapsports.com/show_player.php?id=24141,F,Andrea Hlaváčková
http://www.asapsports.com/show_player.php?id=21293,F,Andrea Petkovic 
http://www.asapsports.com/show_player.php?id=12115,M,Andreas Seppi 
http://www.asapsports.com/show_player.php?id=11702,M,Andrei Cherkasov 
http://www.asapsports.com/show_player.php?id=15199,M,Andrei Chesnokov 
http://www.asapsports.com/show_player.php?id=11450,M,Andrei Medvedev 
http://www.asapsports.com/show_player.php?id=12290,M,Andrei Pavel 
http://www.asapsports.com/show_player.php?id=27291,M,Andrey Rublev 
http://www.asapsports.com/show_player.php?id=15247,M,Andy Murray 
http://www.asapsports.com/show_player.php?id=15279,M,Andy Ram 
http://www.asapsports.com/show_player.php?id=10709,M,Andy Roddick 
http://www.asapsports.com/show_player.php?id=33452,F,Anett Kontaveit 
http://www.asapsports.com/show_player.php?id=37968,F,Angela Buxton 
http://www.asapsports.com/show_player.php?id=18653,F,Angelique Kerber 
http://www.asapsports.com/show_player.php?id=12612,F,Anke Huber 
http://www.asapsports.com/show_player.php?id=10859,F,Anna Chakvetadze 
http://www.asapsports.com/show_player.php?id=12565,F,Anna Kournikova 
http://www.asapsports.com/show_player.php?id=12100,F,Anna Smashnova (Pistolesi)
http://www.asapsports.com/show_player.php?id=12447,F,Anna-Lena Grönefeld
http://www.asapsports.com/show_player.php?id=12572,F,Anne Kremer 
http://www.asapsports.com/show_player.php?id=12106,F,Anne-Gaëlle Sidot
http://www.asapsports.com/show_player.php?id=15159,F,Arantxa Sánchez Vicario
http://www.asapsports.com/show_player.php?id=20040,F,Aravane Rezaï
http://www.asapsports.com/show_player.php?id=10672,M,Arnaud Boetsch 
http://www.asapsports.com/show_player.php?id=11808,M,Arnaud Clément
http://www.asapsports.com/show_player.php?id=12619,M,Arnaud Di Pasquale
http://www.asapsports.com/show_player.php?id=35723,F,Aryna Sabalenka 
http://www.asapsports.com/show_player.php?id=22466,F,Ashleigh Barty 
http://www.asapsports.com/show_player.php?id=27429,M,Ashley Cooper 
http://www.asapsports.com/show_player.php?id=12289,F,Barbara Paulus 
http://www.asapsports.com/show_player.php?id=12360,F,Barbara Rittner 
http://www.asapsports.com/show_player.php?id=12172,F,Barbara Schett 
http://www.asapsports.com/show_player.php?id=12196,F,Barbara Schwartz 
http://www.asapsports.com/show_player.php?id=29574,F,Barbora Strýcová
http://www.asapsports.com/show_player.php?id=25722,F,Belinda Bencic 
http://www.asapsports.com/show_player.php?id=25377,M,Benoit Paire 
http://www.asapsports.com/show_player.php?id=17957,M,Bernard Tomic 
http://www.asapsports.com/show_player.php?id=12436,M,Bernd Karbacher 
http://www.asapsports.com/show_player.php?id=15285,F,Bethanie Mattek-Sands 
http://www.asapsports.com/show_player.php?id=33983,F,Bianca Andreescu 
http://www.asapsports.com/show_player.php?id=12552,F,Billie Jean King 
http://www.asapsports.com/show_player.php?id=31734,M,Björn Borg
http://www.asapsports.com/show_player.php?id=10706,M,Bob Bryan 
http://www.asapsports.com/show_player.php?id=10489,M,Boris Becker 
http://www.asapsports.com/show_player.php?id=18993,M,Brad Drewett 
http://www.asapsports.com/show_player.php?id=12425,M,Brad Gilbert 
http://www.asapsports.com/show_player.php?id=12191,F,Brenda Schultz-Mccarthy 
http://www.asapsports.com/show_player.php?id=12051,M,Brett Steven 
http://www.asapsports.com/show_player.php?id=15170,M,Brian Teacher 
http://www.asapsports.com/show_player.php?id=10720,M,Butch Buchholz 
http://www.asapsports.com/show_player.php?id=10579,M,Byron Black 
http://www.asapsports.com/show_player.php?id=24008,F,Camila Giorgi 
http://www.asapsports.com/show_player.php?id=10656,F,Cara Black 
http://www.asapsports.com/show_player.php?id=19185,F,Carla Suárez Navarro
http://www.asapsports.com/show_player.php?id=17460,F,Carling Bassett-Seguso 
http://www.asapsports.com/show_player.php?id=12368,M,Carlos Costa 
http://www.asapsports.com/show_player.php?id=12545,M,Carlos Moyá
http://www.asapsports.com/show_player.php?id=12064,M,Carl-Uwe Steeb 
http://www.asapsports.com/show_player.php?id=20072,F,Carly Gullickson 
http://www.asapsports.com/show_player.php?id=25697,F,Caroline Garcia 
http://www.asapsports.com/show_player.php?id=12623,F,Caroline Wozniacki 
http://www.asapsports.com/show_player.php?id=12622,F,Casey Dellacqua 
http://www.asapsports.com/show_player.php?id=37600,M,Casper Ruud 
http://www.asapsports.com/show_player.php?id=12317,M,Cédric Pioline
http://www.asapsports.com/show_player.php?id=12394,F,Chanda Rubin 
http://www.asapsports.com/show_player.php?id=15204,M,Charlie Pasarell 
http://www.asapsports.com/show_player.php?id=12591,F,Chris Evert 
http://www.asapsports.com/show_player.php?id=10517,M,Chris Woodruff 
http://www.asapsports.com/show_player.php?id=21213,F,Christina Mchale 
http://www.asapsports.com/show_player.php?id=10710,M,Cliff Drysdale 
http://www.asapsports.com/show_player.php?id=18815,F,Coco Vandeweghe 
http://www.asapsports.com/show_player.php?id=10463,F,Conchita Martínez
http://www.asapsports.com/show_player.php?id=12543,F,Corina Morariu 
http://www.asapsports.com/show_player.php?id=10472,M,Corrado Barazzutti 
http://www.asapsports.com/show_player.php?id=37604,M,Cristian Garín
http://www.asapsports.com/show_player.php?id=10739,M,Cristiano Caratti 
http://www.asapsports.com/show_player.php?id=11989,M,Cyril Suk 
http://www.asapsports.com/show_player.php?id=12370,M,Daniel Nestor 
http://www.asapsports.com/show_player.php?id=12478,F,Daniela Hantuchová
http://www.asapsports.com/show_player.php?id=32171,M,Daniil Medvedev 
http://www.asapsports.com/show_player.php?id=21296,F,Daria Gavrilova 
http://www.asapsports.com/show_player.php?id=27288,F,Daria Kasatkina
http://www.asapsports.com/show_player.php?id=30775,F,Daria Kasatkina 
http://www.asapsports.com/show_player.php?id=35885,M,Darren Cahill 
http://www.asapsports.com/show_player.php?id=12613,M,David Ferrer 
http://www.asapsports.com/show_player.php?id=23984,M,David Goffin 
http://www.asapsports.com/show_player.php?id=12365,M,David Nalbandian 
http://www.asapsports.com/show_player.php?id=11935,M,David Wheaton 
http://www.asapsports.com/show_player.php?id=31541,M,Denis Shapovalov 
http://www.asapsports.com/show_player.php?id=12398,M,Derrick Rostagno 
http://www.asapsports.com/show_player.php?id=33694,M,Diego Schwartzman 
http://www.asapsports.com/show_player.php?id=12026,F,Dinara Safina 
http://www.asapsports.com/show_player.php?id=12087,M,Dmitry Tursunov 
http://www.asapsports.com/show_player.php?id=27052,M,Dominic Thiem 
http://www.asapsports.com/show_player.php?id=12609,M,Dominik Hrbatý
http://www.asapsports.com/show_player.php?id=18746,F,Dominika Cibulková
http://www.asapsports.com/show_player.php?id=12418,M,Donald Johnson
http://www.asapsports.com/show_player.php?id=25378,M,Édouard Roger-Vasselin
http://www.asapsports.com/show_player.php?id=20901,F,Ekaterina Makarova 
http://www.asapsports.com/show_player.php?id=10683,F,Elena Bovina 
http://www.asapsports.com/show_player.php?id=13012,F,Elena Dementieva 
http://www.asapsports.com/show_player.php?id=10256,F,Elena Likhovtseva 
http://www.asapsports.com/show_player.php?id=12141,F,Elena Vesnina 
http://www.asapsports.com/show_player.php?id=12535,F,Eleni Daniilidou 
http://www.asapsports.com/show_player.php?id=27670,F,Elina Svitolina 
http://www.asapsports.com/show_player.php?id=33701,F,Elise Mertens 
http://www.asapsports.com/show_player.php?id=12353,F,Elna Reinach 
http://www.asapsports.com/show_player.php?id=12079,M,Emilio Sánchez
http://www.asapsports.com/show_player.php?id=16214,M,Enrique Morea 
http://www.asapsports.com/show_player.php?id=17519,M,Ernests Gulbis 
http://www.asapsports.com/show_player.php?id=29523,F,Eugenie Bouchard
http://www.asapsports.com/show_player.php?id=22548,F,Eugenie Bouchard 
http://www.asapsports.com/show_player.php?id=17454,M,Fabio Fognini 
http://www.asapsports.com/show_player.php?id=12647,F,Fabiola Zuluaga 
http://www.asapsports.com/show_player.php?id=10270,M,Fabrice Santoro 
http://www.asapsports.com/show_player.php?id=10357,M,Feliciano López
http://www.asapsports.com/show_player.php?id=34948,M,Félix Auger-Aliassime
http://www.asapsports.com/show_player.php?id=10443,M,Félix Mantilla
http://www.asapsports.com/show_player.php?id=10692,M,Fernando González
http://www.asapsports.com/show_player.php?id=11470,M,Fernando Meligeni 
http://www.asapsports.com/show_player.php?id=31001,M,Fernando Verdasco
http://www.asapsports.com/show_player.php?id=11901,M,Fernando Verdasco 
http://www.asapsports.com/show_player.php?id=12620,M,Filip Dewulf 
http://www.asapsports.com/show_player.php?id=11916,M,Filippo Volandri 
http://www.asapsports.com/show_player.php?id=15294,F,Flavia Pennetta 
http://www.asapsports.com/show_player.php?id=10694,M,Florian Mayer 
http://www.asapsports.com/show_player.php?id=28929,M,Frances Tiafoe 
http://www.asapsports.com/show_player.php?id=12175,F,Francesca Schiavone 
http://www.asapsports.com/show_player.php?id=11706,M,Francisco Clavet 
http://www.asapsports.com/show_player.php?id=14736,M,Frank Parker 
http://www.asapsports.com/show_player.php?id=11976,F,Gabriela Sabatini 
http://www.asapsports.com/show_player.php?id=12541,M,Gaël Monfils
http://www.asapsports.com/show_player.php?id=10670,M,Galo Blanco 
http://www.asapsports.com/show_player.php?id=26371,F,Garbiñe Muguruza
http://www.asapsports.com/show_player.php?id=35989,M,Gardnar Mulloy 
http://www.asapsports.com/show_player.php?id=12419,M,Gastón Gaudio
http://www.asapsports.com/show_player.php?id=12597,F,Gigi Fernández
http://www.asapsports.com/show_player.php?id=12546,M,Gilles Müller
http://www.asapsports.com/show_player.php?id=15943,M,Gilles Simon 
http://www.asapsports.com/show_player.php?id=12602,F,Gisela Dulko 
http://www.asapsports.com/show_player.php?id=10698,M,Goran Ivanišević
http://www.asapsports.com/show_player.php?id=12649,M,Grant Connell 
http://www.asapsports.com/show_player.php?id=10279,M,Greg Rusedski 
http://www.asapsports.com/show_player.php?id=36433,M,Grigor Dimitrov
http://www.asapsports.com/show_player.php?id=33703,M,Guido Pella 
http://www.asapsports.com/show_player.php?id=10737,M,Guillermo Cañas
http://www.asapsports.com/show_player.php?id=12275,M,Guillermo Coria 
http://www.asapsports.com/show_player.php?id=12404,M,Guillermo García-López
http://www.asapsports.com/show_player.php?id=11909,M,Guillermo Vilas 
http://www.asapsports.com/show_player.php?id=12578,M,Gustavo Kuerten 
http://www.asapsports.com/show_player.php?id=12636,M,Guy Forget 
http://www.asapsports.com/show_player.php?id=32540,F,Hana Mandlíková
http://www.asapsports.com/show_player.php?id=29888,M,Harold Solomon 
http://www.asapsports.com/show_player.php?id=20087,F,Heather Watson 
http://www.asapsports.com/show_player.php?id=11987,F,Helena Suková
http://www.asapsports.com/show_player.php?id=12606,M,Hendrik Dreekmann
http://www.asapsports.com/show_player.php?id=10243,M,Henri Leconte 
http://www.asapsports.com/show_player.php?id=12362,F,Henrieta Nagyová
http://www.asapsports.com/show_player.php?id=12511,M,Henrik Holm 
http://www.asapsports.com/show_player.php?id=10362,M,Hicham Arazi 
http://www.asapsports.com/show_player.php?id=12084,M,Horia Tecău
http://www.asapsports.com/show_player.php?id=17963,F,Hsieh Su-Wei
http://www.asapsports.com/show_player.php?id=35757,F,Hsieh Su-Wei 
http://www.asapsports.com/show_player.php?id=10359,M,Igor Andreev 
http://www.asapsports.com/show_player.php?id=20448,F,Ilana Kloss 
http://www.asapsports.com/show_player.php?id=29889,M,Ilie Năstase
http://www.asapsports.com/show_player.php?id=12439,F,Inés Gorrochategui
http://www.asapsports.com/show_player.php?id=15184,M,Ion Ţiriac
http://www.asapsports.com/show_player.php?id=13783,F,Irina Spîrlea
http://www.asapsports.com/show_player.php?id=31257,F,Irina-Camelia Begu 
http://www.asapsports.com/show_player.php?id=10421,F,Iva Majoli 
http://www.asapsports.com/show_player.php?id=10247,M,Ivan Lendl 
http://www.asapsports.com/show_player.php?id=10501,F,Iveta Benešová
http://www.asapsports.com/show_player.php?id=12437,M,Ivo Karlović
http://www.asapsports.com/show_player.php?id=12586,M,Jacco Eltingh 
http://www.asapsports.com/show_player.php?id=15262,M,Jack Kramer 
http://www.asapsports.com/show_player.php?id=21295,M,Jack Sock 
http://www.asapsports.com/show_player.php?id=12643,M,Jaime Yzaga 
http://www.asapsports.com/show_player.php?id=10442,M,Jakob Hlasek 
http://www.asapsports.com/show_player.php?id=10487,M,James Blake 
http://www.asapsports.com/show_player.php?id=23458,F,Jamie Hampton 
http://www.asapsports.com/show_player.php?id=17329,M,Jamie Murray 
http://www.asapsports.com/show_player.php?id=24408,M,Jan Kodeš
http://www.asapsports.com/show_player.php?id=12105,M,Jan Siemerink 
http://www.asapsports.com/show_player.php?id=12381,F,Jana Novotná
http://www.asapsports.com/show_player.php?id=17073,M,Janko Tipsarević
http://www.asapsports.com/show_player.php?id=11443,M,Jan-Michael Gambill 
http://www.asapsports.com/show_player.php?id=38227,M,Jannik Sinner
http://www.asapsports.com/show_player.php?id=37293,M,Jannik Sinner 
http://www.asapsports.com/show_player.php?id=10701,M,Jared Palmer 
http://www.asapsports.com/show_player.php?id=12373,M,Jarkko Nieminen 
http://www.asapsports.com/show_player.php?id=12021,M,Jason Stoltenberg 
http://www.asapsports.com/show_player.php?id=17744,M,Javier Sánchez
http://www.asapsports.com/show_player.php?id=12611,F,Jelena Dokić
http://www.asapsports.com/show_player.php?id=12408,F,Jelena Janković
http://www.asapsports.com/show_player.php?id=27432,F,Jeļena Ostapenko
http://www.asapsports.com/show_player.php?id=10738,F,Jennifer Capriati 
http://www.asapsports.com/show_player.php?id=19757,M,Jérémy Chardy
http://www.asapsports.com/show_player.php?id=12432,M,Jérôme Golmard
http://www.asapsports.com/show_player.php?id=10528,M,Jim Courier 
http://www.asapsports.com/show_player.php?id=12441,M,Jim Grabb 
http://www.asapsports.com/show_player.php?id=12274,M,Jimmy Connors 
http://www.asapsports.com/show_player.php?id=12414,M,Joachim Johansson 
http://www.asapsports.com/show_player.php?id=15088,F,Joan Curry
http://www.asapsports.com/show_player.php?id=12575,F,Joannette Kruger 
http://www.asapsports.com/show_player.php?id=24202,F,Johanna Konta 
http://www.asapsports.com/show_player.php?id=17453,M,John Isner 
http://www.asapsports.com/show_player.php?id=38014,M,John Mcenroe
http://www.asapsports.com/show_player.php?id=10516,M,John Mcenroe 
http://www.asapsports.com/show_player.php?id=12371,M,John Newcombe 
http://www.asapsports.com/show_player.php?id=10518,M,Jonas Björkman
http://www.asapsports.com/show_player.php?id=15280,M,Jonathan Erlich 
http://www.asapsports.com/show_player.php?id=12066,M,Jonathan Stark 
http://www.asapsports.com/show_player.php?id=10376,M,Jordi Arrese 
http://www.asapsports.com/show_player.php?id=16229,M,José Acasuso
http://www.asapsports.com/show_player.php?id=21292,M,José Higueras
http://www.asapsports.com/show_player.php?id=16781,M,Jo-Wilfried Tsonga 
http://www.asapsports.com/show_player.php?id=12617,M,Juan Carlos Ferrero 
http://www.asapsports.com/show_player.php?id=11701,M,Juan Ignacio Chela 
http://www.asapsports.com/show_player.php?id=31964,M,Juan Martín Del Potro
http://www.asapsports.com/show_player.php?id=17469,M,Juan Mónaco
http://www.asapsports.com/show_player.php?id=11942,F,Judith Wiesner 
http://www.asapsports.com/show_player.php?id=17970,F,Julia Görges
http://www.asapsports.com/show_player.php?id=11476,M,Julian Knowle 
http://www.asapsports.com/show_player.php?id=12474,F,Julie Halard-Decugis 
http://www.asapsports.com/show_player.php?id=10503,M,Julien Benneteau 
http://www.asapsports.com/show_player.php?id=11471,M,Jürgen Melzer
http://www.asapsports.com/show_player.php?id=12487,F,Justine Henin 
http://www.asapsports.com/show_player.php?id=21144,F,Kaia Kanepi 
http://www.asapsports.com/show_player.php?id=12379,M,Karel Nováček
http://www.asapsports.com/show_player.php?id=33693,M,Karen Khachanov 
http://www.asapsports.com/show_player.php?id=10353,M,Karim Alami 
http://www.asapsports.com/show_player.php?id=12577,M,Karol Kučera
http://www.asapsports.com/show_player.php?id=12092,F,Karolina Šprem
http://www.asapsports.com/show_player.php?id=12091,F,Katarina Srebotnik 
http://www.asapsports.com/show_player.php?id=10423,F,Katerina Maleeva 
http://www.asapsports.com/show_player.php?id=17959,F,Kateryna Bondarenko 
http://www.asapsports.com/show_player.php?id=35295,F,Kathy Rinaldi
http://www.asapsports.com/show_player.php?id=32266,F,Kathy Rinaldi 
http://www.asapsports.com/show_player.php?id=17997,M,Kei Nishikori 
http://www.asapsports.com/show_player.php?id=10242,M,Ken Flach 
http://www.asapsports.com/show_player.php?id=15259,M,Ken Rosewall 
http://www.asapsports.com/show_player.php?id=18453,M,Kevin Anderson 
http://www.asapsports.com/show_player.php?id=11886,M,Kevin Ullyett
http://www.asapsports.com/show_player.php?id=27293,F,Kiki Bertens 
http://www.asapsports.com/show_player.php?id=11809,F,Kim Clijsters 
http://www.asapsports.com/show_player.php?id=12324,F,Kimberly Po-Messerli 
http://www.asapsports.com/show_player.php?id=12539,F,Kimiko Date-Krumm 
http://www.asapsports.com/show_player.php?id=12635,F,Kirsten Flipkens
http://www.asapsports.com/show_player.php?id=31261,F,Kirsten Flipkens 
http://www.asapsports.com/show_player.php?id=12564,F,Klára Koukalová
http://www.asapsports.com/show_player.php?id=10678,F,Kristie Boogert 
http://www.asapsports.com/show_player.php?id=25724,F,Kristina Mladenovic 
http://www.asapsports.com/show_player.php?id=25598,M,Kyle Edmund 
http://www.asapsports.com/show_player.php?id=31783,F,Laura Siegemund 
http://www.asapsports.com/show_player.php?id=12279,M,Leander Paes 
http://www.asapsports.com/show_player.php?id=11581,F,Leila Meskhi 
http://www.asapsports.com/show_player.php?id=29188,M,Leonardo Mayer 
http://www.asapsports.com/show_player.php?id=15260,F,Leslie Allen 
http://www.asapsports.com/show_player.php?id=15295,F,Li Na
http://www.asapsports.com/show_player.php?id=36492,F,Li Na 
http://www.asapsports.com/show_player.php?id=10253,F,Li Ting
http://www.asapsports.com/show_player.php?id=12570,F,Lina Krasnoroutskaya
http://www.asapsports.com/show_player.php?id=12553,F,Lindsay Davenport 
http://www.asapsports.com/show_player.php?id=12339,F,Lisa Raymond 
http://www.asapsports.com/show_player.php?id=12589,M,Lleyton Hewitt 
http://www.asapsports.com/show_player.php?id=11444,F,Lori Mcneil 
http://www.asapsports.com/show_player.php?id=27300,M,Lucas Pouille 
http://www.asapsports.com/show_player.php?id=24315,F,Lucie Hradecká
http://www.asapsports.com/show_player.php?id=18534,M,Luis Horna 
http://www.asapsports.com/show_player.php?id=20249,M,Łukasz Kubot
http://www.asapsports.com/show_player.php?id=36523,F,Madison Keys
http://www.asapsports.com/show_player.php?id=22636,F,Madison Keys 
http://www.asapsports.com/show_player.php?id=10425,F,Magdalena Maleeva 
http://www.asapsports.com/show_player.php?id=27600,F,Magdaléna Rybáriková
http://www.asapsports.com/show_player.php?id=12467,M,Magnus Gustafsson 
http://www.asapsports.com/show_player.php?id=10234,M,Magnus Larsson 
http://www.asapsports.com/show_player.php?id=12376,M,Magnus Norman 
http://www.asapsports.com/show_player.php?id=12114,F,Magüi Serna
http://www.asapsports.com/show_player.php?id=10510,M,Mahesh Bhupathi 
http://www.asapsports.com/show_player.php?id=11922,M,Malivai Washington 
http://www.asapsports.com/show_player.php?id=10677,F,Manon Bollegraf 
http://www.asapsports.com/show_player.php?id=24055,M,Manuel Orantes 
http://www.asapsports.com/show_player.php?id=14733,F,Manuela Maleeva-Fragniere 
http://www.asapsports.com/show_player.php?id=15276,F,Mara Santangelo 
http://www.asapsports.com/show_player.php?id=11988,M,Marat Safin 
http://www.asapsports.com/show_player.php?id=12393,M,Marc Rosset 
http://www.asapsports.com/show_player.php?id=12356,M,Marcelo Ríos
http://www.asapsports.com/show_player.php?id=31262,M,Marco Cecchinato 
http://www.asapsports.com/show_player.php?id=10454,M,Marcos Baghdatis 
http://www.asapsports.com/show_player.php?id=38926,M,Mardy Fish
http://www.asapsports.com/show_player.php?id=10708,M,Mardy Fish 
http://www.asapsports.com/show_player.php?id=20056,F,María José Martínez Sánchez
http://www.asapsports.com/show_player.php?id=12556,F,Maria Kirilenko 
http://www.asapsports.com/show_player.php?id=12110,F,Maria Sharapova 
http://www.asapsports.com/show_player.php?id=12621,F,Mariaan De Swardt
http://www.asapsports.com/show_player.php?id=11932,F,Marianne Werdel Witmeyer 
http://www.asapsports.com/show_player.php?id=12331,M,Mariano Puerta 
http://www.asapsports.com/show_player.php?id=12644,M,Mariano Zabaleta 
http://www.asapsports.com/show_player.php?id=12652,F,Marion Bartoli 
http://www.asapsports.com/show_player.php?id=12560,M,Mark Knowles 
http://www.asapsports.com/show_player.php?id=12303,M,Mark Philippoussis 
http://www.asapsports.com/show_player.php?id=10705,M,Mark Woodforde 
http://www.asapsports.com/show_player.php?id=24195,M,Martin Kližan
http://www.asapsports.com/show_player.php?id=11905,M,Martin Verkerk 
http://www.asapsports.com/show_player.php?id=12594,F,Martina Hingis 
http://www.asapsports.com/show_player.php?id=12281,F,Martina Navratilova 
http://www.asapsports.com/show_player.php?id=21285,F,Mary Carillo 
http://www.asapsports.com/show_player.php?id=12599,F,Mary Joe Fernandez 
http://www.asapsports.com/show_player.php?id=12310,F,Mary Pierce 
http://www.asapsports.com/show_player.php?id=10712,M,Mats Wilander 
http://www.asapsports.com/show_player.php?id=37606,M,Matteo Berrettini 
http://www.asapsports.com/show_player.php?id=11583,M,Max Mirnyi 
http://www.asapsports.com/show_player.php?id=12109,F,Meghann Shaughnessy 
http://www.asapsports.com/show_player.php?id=19192,F,Melanie Oudin 
http://www.asapsports.com/show_player.php?id=10413,F,Meredith Mcgrath 
http://www.asapsports.com/show_player.php?id=10861,M,Michael Chang 
http://www.asapsports.com/show_player.php?id=10269,M,Michaël Llodra
http://www.asapsports.com/show_player.php?id=10704,M,Michael Stich 
http://www.asapsports.com/show_player.php?id=35623,F,Mihaela Buzărnescu
http://www.asapsports.com/show_player.php?id=12296,M,Mikael Pernfors 
http://www.asapsports.com/show_player.php?id=10707,M,Mike Bryan 
http://www.asapsports.com/show_player.php?id=12642,M,Mikhail Youzhny 
http://www.asapsports.com/show_player.php?id=20013,M,Milos Raonic 
http://www.asapsports.com/show_player.php?id=12388,F,Miriam Oremans 
http://www.asapsports.com/show_player.php?id=32542,M,Mischa Zverev 
http://www.asapsports.com/show_player.php?id=23459,F,Mona Barthel 
http://www.asapsports.com/show_player.php?id=25680,F,Monica Puig 
http://www.asapsports.com/show_player.php?id=12117,F,Monica Seles 
http://www.asapsports.com/show_player.php?id=12300,F,Nadia Petrova 
http://www.asapsports.com/show_player.php?id=12125,F,Naoko Sawamatsu
http://www.asapsports.com/show_player.php?id=29753,F,Naomi Osaka 
http://www.asapsports.com/show_player.php?id=12616,F,Natasha Zvereva
http://www.asapsports.com/show_player.php?id=12631,F,Nathalie Dechy 
http://www.asapsports.com/show_player.php?id=12077,F,Nathalie Tauziat 
http://www.asapsports.com/show_player.php?id=16213,M,Neale Fraser 
http://www.asapsports.com/show_player.php?id=12283,M,Nenad Zimonjić
http://www.asapsports.com/show_player.php?id=37746,M,Nick Kyrgios
http://www.asapsports.com/show_player.php?id=24675,M,Nick Kyrgios 
http://www.asapsports.com/show_player.php?id=12580,M,Nicklas Kulti 
http://www.asapsports.com/show_player.php?id=15178,M,Nicola Pietrangeli 
http://www.asapsports.com/show_player.php?id=15277,M,Nicolás Almagro
http://www.asapsports.com/show_player.php?id=12590,M,Nicolas Escudé
http://www.asapsports.com/show_player.php?id=12444,M,Nicolas Kiefer 
http://www.asapsports.com/show_player.php?id=10018,M,Nicolás Lapentti
http://www.asapsports.com/show_player.php?id=15942,M,Nicolas Mahut 
http://www.asapsports.com/show_player.php?id=10691,M,Nicolás Massú
http://www.asapsports.com/show_player.php?id=11891,F,Nicole Vaidišová
http://www.asapsports.com/show_player.php?id=12632,M,Nikolay Davydenko 
http://www.asapsports.com/show_player.php?id=33696,M,Nikoloz Basilashvili 
http://www.asapsports.com/show_player.php?id=12618,M,Novak Djokovic 
http://www.asapsports.com/show_player.php?id=12361,M,Olivier Rochus 
http://www.asapsports.com/show_player.php?id=31957,M,Pablo Carreño Busta
http://www.asapsports.com/show_player.php?id=22158,M,Pablo Cuevas 
http://www.asapsports.com/show_player.php?id=12107,F,Pam Shriver 
http://www.asapsports.com/show_player.php?id=11996,F,Paola Suárez
http://www.asapsports.com/show_player.php?id=10506,M,Paolo Bertolucci 
http://www.asapsports.com/show_player.php?id=12083,M,Paradorn Srichaphan 
http://www.asapsports.com/show_player.php?id=15261,F,Patricia Tarabini 
http://www.asapsports.com/show_player.php?id=12401,M,Patrick Galbraith 
http://www.asapsports.com/show_player.php?id=38015,M,Patrick Mcenroe
http://www.asapsports.com/show_player.php?id=10488,M,Patrick Mcenroe 
http://www.asapsports.com/show_player.php?id=12333,M,Patrick Rafter 
http://www.asapsports.com/show_player.php?id=12595,F,Patty Fendick 
http://www.asapsports.com/show_player.php?id=12177,F,Patty Schnyder 
http://www.asapsports.com/show_player.php?id=10360,M,Paul Annacone 
http://www.asapsports.com/show_player.php?id=12468,M,Paul Haarhuis 
http://www.asapsports.com/show_player.php?id=15215,M,Paul Mcnamee 
http://www.asapsports.com/show_player.php?id=10693,M,Paul-Henri Mathieu 
http://www.asapsports.com/show_player.php?id=12101,M,Pavel Složil
http://www.asapsports.com/show_player.php?id=18767,F,Peng Shuai
http://www.asapsports.com/show_player.php?id=34147,F,Peng Shuai 
http://www.asapsports.com/show_player.php?id=10700,M,Pete Sampras 
http://www.asapsports.com/show_player.php?id=12561,M,Petr Korda 
http://www.asapsports.com/show_player.php?id=20070,F,Petra Kvitová
http://www.asapsports.com/show_player.php?id=29522,M,Philipp Kohlschreiber
http://www.asapsports.com/show_player.php?id=17965,M,Philipp Kohlschreiber 
http://www.asapsports.com/show_player.php?id=27306,M,Pierre-Hugues Herbert 
http://www.asapsports.com/show_player.php?id=12336,M,Rafael Nadal 
http://www.asapsports.com/show_player.php?id=12186,M,Rainer Schüttler
http://www.asapsports.com/show_player.php?id=12574,M,Ramesh Krishnan 
http://www.asapsports.com/show_player.php?id=15205,M,Raymond Moore 
http://www.asapsports.com/show_player.php?id=12018,F,Rennae Stubbs 
http://www.asapsports.com/show_player.php?id=12641,M,Renzo Furlan 
http://www.asapsports.com/show_player.php?id=12640,M,Richard Fromberg 
http://www.asapsports.com/show_player.php?id=12416,M,Richard Gasquet 
http://www.asapsports.com/show_player.php?id=12569,M,Richard Krajicek 
http://www.asapsports.com/show_player.php?id=10529,M,Richey Reneberg 
http://www.asapsports.com/show_player.php?id=10239,M,Rick Leach 
http://www.asapsports.com/show_player.php?id=12443,F,Rita Grande 
http://www.asapsports.com/show_player.php?id=10713,M,Robby Ginepri 
http://www.asapsports.com/show_player.php?id=21255,M,Robert Lindstedt 
http://www.asapsports.com/show_player.php?id=15082,M,Robert Van't Hof
http://www.asapsports.com/show_player.php?id=20202,F,Roberta Vinci 
http://www.asapsports.com/show_player.php?id=26377,M,Roberto Bautista Agut 
http://www.asapsports.com/show_player.php?id=12097,M,Robin Söderling
http://www.asapsports.com/show_player.php?id=10424,F,Robin White 
http://www.asapsports.com/show_player.php?id=10238,M,Rod Laver 
http://www.asapsports.com/show_player.php?id=10440,M,Roger Federer 
http://www.asapsports.com/show_player.php?id=12080,M,Roger Taylor 
http://www.asapsports.com/show_player.php?id=10036,M,Ronald Agénor
http://www.asapsports.com/show_player.php?id=12608,F,Ruxandra Dragomir Ilie
http://www.asapsports.com/show_player.php?id=10361,F,Sabine Appelmans 
http://www.asapsports.com/show_player.php?id=12470,F,Sabine Hack 
http://www.asapsports.com/show_player.php?id=17969,F,Sabine Lisicki 
http://www.asapsports.com/show_player.php?id=15306,M,Sam Querrey 
http://www.asapsports.com/show_player.php?id=15211,F,Samantha Stosur 
http://www.asapsports.com/show_player.php?id=12028,M,Sandon Stolle 
http://www.asapsports.com/show_player.php?id=12088,F,Sandrine Testud 
http://www.asapsports.com/show_player.php?id=11585,F,Sania Mirza 
http://www.asapsports.com/show_player.php?id=20201,F,Sara Errani 
http://www.asapsports.com/show_player.php?id=12607,M,Scott Draper 
http://www.asapsports.com/show_player.php?id=12463,M,Sébastien Grosjean
http://www.asapsports.com/show_player.php?id=10024,M,Sébastien Lareau
http://www.asapsports.com/show_player.php?id=11584,F,Serena Williams 
http://www.asapsports.com/show_player.php?id=10689,M,Sergi Bruguera 
http://www.asapsports.com/show_player.php?id=12293,F,Shahar Pe'er
http://www.asapsports.com/show_player.php?id=10433,F,Shinobu Asagoe 
http://www.asapsports.com/show_player.php?id=10696,M,Shuzo Matsuoka 
http://www.asapsports.com/show_player.php?id=12592,F,Silvia Farina Elia 
http://www.asapsports.com/show_player.php?id=12063,F,Silvija Talaja 
http://www.asapsports.com/show_player.php?id=22632,F,Simona Halep 
http://www.asapsports.com/show_player.php?id=27426,M,Simone Bolelli 
http://www.asapsports.com/show_player.php?id=12127,M,Sjeng Schalken 
http://www.asapsports.com/show_player.php?id=12582,M,Sláva Doseděl
http://www.asapsports.com/show_player.php?id=20695,F,Sloane Stephens 
http://www.asapsports.com/show_player.php?id=23167,F,Sorana Cîrstea
http://www.asapsports.com/show_player.php?id=15202,M,Stan Smith 
http://www.asapsports.com/show_player.php?id=15439,M,Stan Wawrinka 
http://www.asapsports.com/show_player.php?id=12562,M,Stefan Edberg 
http://www.asapsports.com/show_player.php?id=12563,M,Stefan Koubek 
http://www.asapsports.com/show_player.php?id=35337,M,Stefanos Tsitsipas 
http://www.asapsports.com/show_player.php?id=12462,F,Steffi Graf 
http://www.asapsports.com/show_player.php?id=12514,M,Stephen Huss 
http://www.asapsports.com/show_player.php?id=24194,M,Steve Johnson 
http://www.asapsports.com/show_player.php?id=11985,F,Sun Tiantian
http://www.asapsports.com/show_player.php?id=33416,F,Svetlana Kuznetsova
http://www.asapsports.com/show_player.php?id=11587,F,Svetlana Kuznetsova 
http://www.asapsports.com/show_player.php?id=17074,F,Sybille Bammer 
http://www.asapsports.com/show_player.php?id=12067,F,Tamarine Tanasugarn 
http://www.asapsports.com/show_player.php?id=12403,F,Tathiana Garbin 
http://www.asapsports.com/show_player.php?id=12433,F,Tatiana Golovin 
http://www.asapsports.com/show_player.php?id=12287,F,Tatiana Panova 
http://www.asapsports.com/show_player.php?id=13013,M,Taylor Dent 
http://www.asapsports.com/show_player.php?id=38018,M,Taylor Fritz
http://www.asapsports.com/show_player.php?id=29518,M,Taylor Fritz 
http://www.asapsports.com/show_player.php?id=34625,M,Tennys Sandgren 
http://www.asapsports.com/show_player.php?id=38017,M,Thomas Enqvist
http://www.asapsports.com/show_player.php?id=12588,M,Thomas Enqvist 
http://www.asapsports.com/show_player.php?id=12415,M,Thomas Johansson 
http://www.asapsports.com/show_player.php?id=12549,M,Thomas Muster 
http://www.asapsports.com/show_player.php?id=24685,M,Thomaz Bellucci 
http://www.asapsports.com/show_player.php?id=10280,M,Tim Henman 
http://www.asapsports.com/show_player.php?id=28251,F,Tímea Babos
http://www.asapsports.com/show_player.php?id=27302,F,Timea Bacsinszky 
http://www.asapsports.com/show_player.php?id=10486,M,Todd Martin 
http://www.asapsports.com/show_player.php?id=12601,M,Todd Woodbridge 
http://www.asapsports.com/show_player.php?id=10525,M,Tom Gullikson 
http://www.asapsports.com/show_player.php?id=10505,M,Tomáš Berdych
http://www.asapsports.com/show_player.php?id=12469,M,Tommy Haas 
http://www.asapsports.com/show_player.php?id=12377,M,Tommy Robredo 
http://www.asapsports.com/show_player.php?id=19137,M,Tony Trabert 
http://www.asapsports.com/show_player.php?id=10438,F,Tracy Austin 
http://www.asapsports.com/show_player.php?id=15287,F,Vania King 
http://www.asapsports.com/show_player.php?id=24063,F,Varvara Lepchenko 
http://www.asapsports.com/show_player.php?id=21214,M,Vasek Pospisil 
http://www.asapsports.com/show_player.php?id=11958,F,Venus Williams 
http://www.asapsports.com/show_player.php?id=12614,F,Vera Zvonareva 
http://www.asapsports.com/show_player.php?id=12476,M,Victor Hănescu
http://www.asapsports.com/show_player.php?id=10445,F,Victoria Azarenka 
http://www.asapsports.com/show_player.php?id=15853,M,Vijay Amritraj 
http://www.asapsports.com/show_player.php?id=19888,M,Viktor Troicki 
http://www.asapsports.com/show_player.php?id=12093,M,Vince Spadea
http://www.asapsports.com/show_player.php?id=10464,F,Virginia Ruano Pascual 
http://www.asapsports.com/show_player.php?id=11921,F,Virginia Wade 
http://www.asapsports.com/show_player.php?id=15315,F,Virginie Razzano 
http://www.asapsports.com/show_player.php?id=12494,M,Wally Masur 
http://www.asapsports.com/show_player.php?id=29613,F,Wang Qiang
http://www.asapsports.com/show_player.php?id=31907,F,Wang Qiang 
http://www.asapsports.com/show_player.php?id=10657,M,Wayne Black 
http://www.asapsports.com/show_player.php?id=12605,M,Wayne Ferreira 
http://www.asapsports.com/show_player.php?id=12542,M,Wesley Moodie 
http://www.asapsports.com/show_player.php?id=10427,M,Xavier Malisse 
http://www.asapsports.com/show_player.php?id=12627,F,Yan Zi
http://www.asapsports.com/show_player.php?id=17225,F,Yanina Wickmayer 
http://www.asapsports.com/show_player.php?id=12374,M,Yannick Noah 
http://www.asapsports.com/show_player.php?id=20067,F,Yaroslava Shvedova 
http://www.asapsports.com/show_player.php?id=10484,F,Yayuk Basuki 
http://www.asapsports.com/show_player.php?id=19190,M,Yen-Hsun Lu 
http://www.asapsports.com/show_player.php?id=12022,M,Yevgeny Kafelnikov 
http://www.asapsports.com/show_player.php?id=12583,M,Younes El Aynaoui 
http://www.asapsports.com/show_player.php?id=15179,M,Željko Franulović
http://www.asapsports.com/show_player.php?id=22458,F,Zhang Shuai
http://www.asapsports.com/show_player.php?id=38177,F,Zheng Jie 
http://www.asapsports.com/show_player.php?id=12405,F,Zina Garrison (Jackson)
